gr,gi
ESTAR POUCO AMARGO [PONTO],(-)AMARGO [PONTO]
EU ESTAR POUCO BÊBADO [PONTO],(-)BÊBADO [PONTO]
EU ESTAR POUCO BÊBADA [PONTO],(-)BÊBADO [PONTO]
ESTAR POUCO BÊBADO [PONTO],(-)BÊBADO [PONTO]
ESTAR POUCO BÊBADO [PONTO],(-)BÊBADO [PONTO]
EU ESTAR POUCO BÊBADO [PONTO],(-)BÊBADO [PONTO]
BEBER POUCO [PONTO],(-)BEBER [PONTO]
MENOS QUE CONSEGUIR VAGA ESCOLA MILITAR ONDE ESTUDO SER GRATUITO CONSEGUIR PATENTE SEGUNDO SARGENTO PODER AJUDAR SEU FAMÍLIA [PONTO] 16 ANO SE MATRICULAR ESCOLA MILITAR ENQUANTO CONTINUAR DAR AULA ESCOLA COM DIFICULDADE PARA SUSTENTAR FAMÍLIA GANHAR ALGUM DINHEIRO EXTRA [PONTO] COM 19 ANO IR PROMOVER ALFERES [PONTO],(-)CONSEGUIR VAGA ESCOLA MILITAR LUGAR ESTUDO GRATUITO CONSEGUIR PATENTE SEGUNDO SARGENTO PODER AJUDAR SUA FAMÍLIA [PONTO] IDADE16 MATRICULAR ESCOLA MILITAR  CONTINUAR ENSINAR ESCOLA  DIFICULDADE SUSTENTAR FAMÍLIA GANHAR ALGUM DINHEIRO EXTRA [PONTO] IDADE 19 PROMOVIDO ALFER [PONTO]
PORÉM POUCO DÉCADA MAIS TARDE MESQUITA CAIRUÃO IR DESTRUIR SEU CENTRO UNIVERSITÁRIO IR RECONSTRUÍDO CIDADE MONTFLEURY 737 D [PONTO] 100º [PONTO] ONDE IR ENTÃO FUNDAR UNIVERSIDADE EZ_ZITOUNA QUE FUNCIONAR ATÉ HOJE SER CONSIDERAR POR MUITO ÁRABE COMO PRIMEIRA UNIVERSIDADE [PONTO],(-)DÉCADA DEPOIS MESQUITA CAIRUÃO_CIDADE DESTRUÍDA SEU CENTRO_LOCAL UNIVERSITÁRIO RECONSTRUÍDO MONTFLEURY_CIDADE 737 D ONDE ENTÃO FUNDAR UNIVERSIDADE EZ_ZITOUNA FUNCIONAR ATÉ HOJE CONSIDERAR (+)ÁRABE PRIMEIRA UNIVERSIDADE [PONTO]
SER POUCO COMPLICAR [PONTO],(-)DIFÍCIL [PONTO]
ESTAR POUCO FRIO [PONTO],(-)FRIO [PONTO]
ESTAR POUCO FRIO HOJE [PONTO],(-)FRIO HOJE [PONTO]
SER POUCO GRANDE [PONTO],(-)GRANDE [PONTO]
ESTAR POUCO LOTAR AQUI [PONTO],(-)LOTADO AQUI [PONTO]
ESTAR MEIO OCUPAR MOMENTO [PONTO],(-)OCUPADO MOMENTO [PONTO]
POUCO PREOCUPAÇÃO SÃO ESPÉCIE QUE NÃO SE QUALIFICAR CLASSIFICAÇÃO COMO DEPENDENTE CONSERVAR OU QUASE AMEAÇAR [PONTO],(-)PREOCUPAÇÃO ESPÉCIE QUE NÃO_QUALIFICAR CLASSIFICAÇÃO COMO DEPENDENTE CONSERVAÇÃO QUASE AMEAÇADA [PONTO]
ESTAR MEIO QUENTE NÉ [INTERROGAÇÃO],(-)QUENTE [INTERROGAÇÃO]
ESTAR MEIO QUENTE [PONTO],(-)QUENTE [PONTO]
POUCO SE SABER SOBRE ESSE ÉPOCA POIS CULTURA LOCAL NÃO PERMITIR USO ESCRITA APENAS PALAVRA [PONTO],(-)SABER SOBRE_ASSUNTO ÉPOCA CULTURA LOCAL NÃO_PERMITIR USO ESCRITA APENAS PALAVRA [PONTO]
POUCO TEMPO DEPOIS SLOVAK IRONS DEIXAR 0 PEPPERS PARA SE DEDICAR OUTRO BANDA WHAT IS THIS [INTERROGAÇÃO] POIS ELES CONSIDERAR RED HOT CHILI PEPPERS COMO BANDA PARALELO QUE NÃO SER VIÁVEL INDÚSTRIA MUSICAL [PONTO],(-)TEMPO DEPOIS SLOVAK IROM DEIXAR CHILI PEPPER DEDICAR OUTRA BANDA_MÚSICA WHAT IS THIS [INTERROGAÇÃO] ELES CONSIDERAR RED HOT CHILI PEPPERS BANDA_MÚSICA PARALELA NÃO VIÁVEL INDÚSTRIA MUSICAL [PONTO]
SER POUCO TÍMIDO [PONTO],(-)TÍMIDO [PONTO]
ESTAR MUITO ADIANTAR [INTERROGAÇÃO],(+) MUITO ADIANTADO [INTERROGAÇÃO]
ESTAR MUITO ADIANTAR [INTERROGAÇÃO],(+)ADIANTADO [INTERROGAÇÃO]
ESTAR MUITO AGRADECER [PONTO],(+)AGRADECIDO [PONTO]
ESTAR MUITO AGRADECER [PONTO],(+)AGRADECIDO [PONTO]
ESTAR MUITO ANIMAR [PONTO],(+)ALEGRE [PONTO]
SER MUITO AMARGO [PONTO],(+)AMARGO [PONTO]
SER MUITO AMARGO [PONTO],(+)AMARGO [PONTO]
ESTAR MUITO ANIMAR [PONTO],(+)ANIMADO [PONTO]
ESTAR MUITO ANIMAR [PONTO],(+)ANIMADO [PONTO]
ESTAR MUITO ANIMAR [PONTO],(+)ANIMADO [PONTO]
POR MUITO ANO TEMPO EXPOSIÇÃO BASTANTE LONGO PERMITIR FOTÓGRAFO CONTAR TEMPO EXPOSIÇÃO MINUTO SEGUNDOS CONTROLAR EXPOSIÇÃO COM SIMPLES DESACOPLAR OU ACOPLAR TAMPA LENTE [PONTO] COM SURGIMENTO MATERIAL FOTOGRAFIA MAIS SENSÍVEL NOVO MODELO CÂMERAS PASSAR INCLUIR MECANISMO OBTURADOR MECÂNICO QUE PERMITIR EXPOR POR FRAÇÃO TEMPO MUITO MAIS CURTA COM GRANDE GANHO PRECISÃO [PONTO],VÁRIOS ANO_DATA TEMPO EXPOSIÇÃO BASTANTE LONGO_DURAÇÃO PERMITIR_LIBERAR FOTÓGRAFO CONTAR_FALAR TEMPO EXPOSIÇÃO MINUTO SEGUNDO CONTROLAR EXPOSIÇÃO SIMPLES DESACOPLAR ACOPLAR TAMPA LENTE [PONTO] SURGIMENTO MATERIAL FOTOGRÁFICO MAIS_QUANTIDADE SENSÍVIL NOVO_RECENTE MODELO CÂMERA PASSAR_CONSEGUIR INCORPORAR MECANISMO OBTURADOR MECÂNICO PERMITIR_LIBERAR EXPOR FRAÇÃO TEMPO (+)MAIS_QUANTIDADE CURTA (+)GANHO PRECISÃO [PONTO]
SER MUITO ANTIGO [PONTO],(+)ANTIGO [PONTO]
SER MUITO ANTIGO [PONTO],(+)ANTIGO [PONTO]
SER MUITO ARRISCAR [PONTO],(+)ARRISCADO [PONTO]
EU ESTAR MUITO ATRASADO [PONTO],(+)ATRASADO [PONTO]
ESTAR MUITO ATRASADO [INTERROGAÇÃO],(+)ATRASAR [INTERROGAÇÃO]
SER MUITO BARATO [PONTO],(+)BARATO [PONTO]
ISTO SER MUITO BARATO [PONTO],(+)BARATO [PONTO]
EU ESTAR MUITO BÊBADO [PONTO],(+)BÊBADO [PONTO]
ISSO SER MUITO BOM [PONTO],(+)BOM [PONTO]
SER MUITO BOM [PONTO],(+)BOM [PONTO]
ISTO ESTAR MUITO BOM [PONTO],(+)BOM [PONTO]
ISTO SER MUITO BOM [PONTO],(+)BOM [PONTO]
ESTAR MUITO BOM [PONTO],(+)BOM [PONTO]
SER MUITO BOM [PONTO],(+)BOM [PONTO]
ESTAR MUITO BOM [PONTO],(+)BOM [PONTO]
IR MUITO BOM [PONTO],(+)BOM [PONTO]
IR MUITO BOM [PONTO],(+)BOM [PONTO]
ESTAR MUITO BOM [PONTO],(+)BOM [PONTO]
ISSO SER MUITO BOM [PONTO],(+)BOM [PONTO]
SER MUITO BOM [PONTO],(+)BOM [PONTO]
ISTO ESTAR MUITO BOM [PONTO],(+)BOM [PONTO]
ISTO SER MUITO BOM [PONTO],(+)BOM [PONTO]
ESTAR MUITO BOM [PONTO],(+)BOM [PONTO]
ISSO SER MUITO BOM [PONTO],(+)BOM [PONTO]
SER MUITO BOM [PONTO],(+)BOM [PONTO]
ESTAR MUITO BOM [PONTO],(+)BOM [PONTO]
IR MUITO BOM [PONTO],(+)BOM [PONTO]
IR MUITO BOM [PONTO],(+)BOM [PONTO]
ESTAR MUITO BOM [PONTO],(+)BOM [PONTO]
VALER PENA VISITAR CASTELO [PONTO],(+)BOM VISITAR CASTELO [PONTO]
VALER PENA VISITAR NOVA YORK [PONTO],(+)BOM VISITAR NOVA_YORK _CIDADE [PONTO]
SER MUITO BONITO [EXCLAMAÇÃO],(+)BONITO [EXCLAMAÇÃO]
ISSO SER MUITO BONITO [EXCLAMAÇÃO],(+)BONITO [EXCLAMAÇÃO]
SER MUITO BONITO [PONTO],(+)BONITO [PONTO]
SER MUITO BONITO [EXCLAMAÇÃO],(+)BONITO [PONTO]
SER TÃO BONITO [PONTO],(+)BONITO [PONTO]
SER MUITO BONITO [PONTO],(+)BONITO [PONTO]
SER MUITO BONITO [PONTO],(+)BONITO [PONTO]
SER MUITO BONITO [PONTO],(+)BONITO [PONTO]
SER MUITO BONITO [PONTO],(+)BONITO [PONTO]
SER MUITO BONITO [PONTO],(+)BONITO [PONTO]
SER MUITO BONITO [PONTO],(+)BONITO [PONTO]
SER MUITO BRANCO [PONTO],(+)BRANCO [PONTO]
SER MUITO BRILHANTE [PONTO],(+)BRILHANTE [PONTO]
SER MUITO BRILHANTE [PONTO],(+)BRILHANTE [PONTO]
SER MUITO BRILHANTE [PONTO],(+)BRILHAR [PONTO]
FAZER MUITO CALOR [PONTO],(+)CALOR [PONTO]
FAZER MUITO CALOR [PONTO],(+)CALOR [PONTO]
ESTAR MUITO QUENTE PARA MIM [PONTO],(+)CALOR [PONTO]
ESTAR BEM QUENTE HOJE [PONTO],(+)CALOR HOJE [PONTO]
HOJE FAZER MUITO CALOR [PONTO],(+)CALOR HOJE [PONTO]
HOJE ESTAR MUITO CALOR [PONTO],(+)CALOR HOJE [PONTO]
ESTAR MUITO QUENTE HOJE [PONTO],(+)CALOR HOJE [PONTO]
ESTAR MORTO CANSAÇO [PONTO],(+)CANSADO [PONTO]
ESTAR MUITO CANSAR [PONTO],(+)CANSADO [PONTO]
ESTAR BEM CANSAR [PONTO],(+)CANSADO [PONTO]
ESTAR MUITO CANSAR [PONTO],(+)CANSADO [PONTO]
ESTAR MUITO CANSAR [PONTO],(+)CANSADO [PONTO]
EU ESTAR MUITO CANSAR [PONTO],(+)CANSADO [PONTO]
EU ESTAR MUITO CANSAR [PONTO],(+)CANSADO [PONTO]
ESTAR MUITO CANSAR [PONTO],(+)CANSADO [PONTO]
ESTAR MUITO CANSAR [PONTO],(+)CANSADO [PONTO]
ESTAR MUITO CANSAR [PONTO],(+)CANSADO [PONTO]
ESTAR MUITO CANSAR [PONTO],(+)CANSADO [PONTO]
EU ESTAR MUITO CANSAR [PONTO],(+)CANSADO [PONTO]
EU ESTAR MUITO CANSAR [PONTO],(+)CANSADO [PONTO]
ESTAR MUITO CANSAR [PONTO],(+)CANSADO [PONTO]
ESTAR MUITO CANSAR [PONTO],(+)CANSADO [PONTO]
ESTAR MUITO CANSAR [PONTO],(+)CANSADO [PONTO]
ESTAR MUITO CANSAR [PONTO],(+)CANSADO [PONTO]
ESTAR BEM CANSAR [PONTO],(+)CANSADO [PONTO]
ESTAR MUITO CANSAR [PONTO],(+)CANSADO [PONTO]
ESTAR MUITO CANSAR [PONTO],(+)CANSADO [PONTO]
EU ESTAR MUITO CANSAR [PONTO],(+)CANSADO [PONTO]
EU ESTAR MUITO CANSAR [PONTO],(+)CANSADO [PONTO]
ESTAR MUITO CANSAR [PONTO],(+)CANSADO [PONTO]
EU ESTAR MUITO CANSAR [PONTO],(+)CANSADO [PONTO]
ESTAR MUITO CANSAR [PONTO],(+)CANSADO [PONTO]
ESTAR MUITO CANSAR [PONTO],(+)CANSADO [PONTO]
EU ESTAR MUITO CANSAR [PONTO],(+)CANSADO [PONTO]
EU ESTAR MUITO CANSAR [PONTO],(+)CANSADO [PONTO]
ESTAR MUITO CANSAR ENSINAR [PONTO],(+)CANSADO ENSINAR [PONTO]
SER MUITO CARO [EXCLAMAÇÃO],(+)CARO [EXCLAMAÇÃO]
NÃO_IR MUITO CARO [PONTO],(+)CARO [PONTO]
SER MUITO CARO [PONTO],(+)CARO [PONTO]
SER CARO DEMAIS [PONTO],(+)CARO [PONTO]
IR FICAR MUITO CARO [PONTO],(+)CARO [PONTO]
SER MUITO CARO [PONTO],(+)CARO [PONTO]
SER MUITO CARO [PONTO],(+)CARO [PONTO]
ESTAR MUITO CEDO [PONTO],(+)CEDO [PONTO]
ESTAR MUITO CEDO [PONTO],(+)CEDO [PONTO]
SER MUITO CEDO [PONTO],(+)CEDO [PONTO]
EU SER MUITO CÉTICO [PONTO],(+)CÉTICO [PONTO]
ESTAR MUITO CHATEAR [PONTO],(+)CHATEADO [PONTO]
ESTAR MUITO CHATEAR [PONTO],(+)CHATEADO [PONTO]
EU ESTAR MUITO CHATEAR [PONTO],(+)CHATEADO [PONTO]
EU ESTAR MUITO CHATEAR [PONTO],(+)CHATEADO [PONTO]
ISSO SER MUITO CHATO [EXCLAMAÇÃO],(+)CHATO [EXCLAMAÇÃO]
SER MUITO CHATO [EXCLAMAÇÃO],(+)CHATO [EXCLAMAÇÃO]
ISSO SER MUITO CHATO [EXCLAMAÇÃO],(+)CHATO [EXCLAMAÇÃO]
SER MUITO CHATO [PONTO],(+)CHATO [PONTO]
ISSO SER MUITO CHATO [EXCLAMAÇÃO],(+)CHATO [PONTO]
SER MUITO CHATO [EXCLAMAÇÃO],(+)CHATO [PONTO]
SER MUITO CHATO [PONTO],(+)CHATO [PONTO]
ISSO SER MUITO IRRITANTE [PONTO],(+)CHATO [PONTO]
ESTAR CHOVER POTE [PONTO],(+)CHOVER [PONTO]
CAIR CHUVA FORTE [PONTO],(+)CHUVA [PONTO]
EU COMER DEMAIS HOJE [PONTO],(+)COMER HOJE [PONTO]
SER MUITO COMPLICAR [INTERROGAÇÃO],(+)COMPLICADO [INTERROGAÇÃO]
ISSO SER MUITO COMPLICAR [INTERROGAÇÃO],(+)COMPLICADO [INTERROGAÇÃO]
SER MUITO COMPLICAR [PONTO],(+)COMPLICADO [PONTO]
SER MUITO COMPLICAR [PONTO],(+)COMPLICAR [PONTO]
ISTO SER MUITO COMPRIDO [PONTO],(+)COMPRIDO [PONTO]
ISTO SER MUITO COMPRIDO [PONTO],(+)COMPRIDO [PONTO]
SER MUITO COMUM [PONTO],(+)COMUM [PONTO]
SER MUITO COMUM [PONTO],(+)COMUM [PONTO]
SER MUITO CONFORTÁVEL [PONTO],(+)CONFORTÁVEL [PONTO]
ESTAR MUITO CONFORTÁVEL [PONTO],(+)CONFORTÁVEL [PONTO]
ISSO SER MUITO CONFORTÁVEL [PONTO],(+)CONFORTÁVEL [PONTO]
ISSO ESTAR MUITO CONFORTÁVEL [PONTO],(+)CONFORTÁVEL [PONTO]
ESTAR MUITO COMPLICADO [PONTO],(+)CONFUSO [PONTO]
EU ESTAR MUITO COMPLICADO [PONTO],(+)CONFUSO [PONTO]
IR MUITO CONSTRANGEDOR [PONTO],(+)CONSTRANGEDOR [PONTO]
MUITO CONSUMIDOR SÓ CONSEGUIR RESOLUÇÃO SEUS PROBLEMA APELAR PARA BRASÍLIA DEVIDO OMISSÃO AGÊNCIA QUE SER CONSIDERAR NÃO-TRANSPARENTE INEFICIENTE [PONTO] SEGUNDO OUVIDOR AGÊNCIA ARISTÓTELES SANTOS APÓS 10 ANO CRIAÇÃO ANATEL POR NÃO CUMPRIR OU NÃO_FAZER CUMPRIR INTEGRALMENTE PROPÓSITO QUE JUSTIFICAR SEU CRIAÇÃO VIVER NOSSO VER RELEVANTE CRISE EXISTENCIAL [PONTO] OUVIDOR TAMBÉM ACUSAR ANATEL SE OMITIR PROBLEMA AUSÊNCIA COMPETITIVIDADE AUSÊNCIA AÇÃO PARA BAIXAR PREÇO INTERNET BANDA LARGO [PONTO],(+)CONSUMIDOR CONSEGUIR RESOLUÇÃO SEU PROBLEMA APELAR BRASÍLIA_ESTADO DEVIDO OMISSÃO AGÊNCIA  CONSIDERAR NÃO_TER TRANSPARENTE INEFICIENTE [PONTO] SEGUNDO_OPINIÃO OUVIDOR AGÊNCIA ARISTÓTELES SANTO APÓS 10 ANO_DATA CRIAÇÃO ANATEL  NÃO_CUMPRIR INTEGRALMENTE PROPÓSITO JUSTIFICAR SUA CRIAÇÃO VIVER RELEVANTE CRISE EXISTENCIAL [PONTO] OUVIDOR TAMBÉM ACUSAR ANATEL OMITIR PROBLEMA FALTA COMPETITIVIDADE FALTA AÇÃO BAIXAR PREÇO INTERNET BANDA_LARGA [PONTO]
MUITO QUE ESTAR CONTER POETA DESCALÇAR [PONTO] VIVER DIA 25 ABRIL 1974 ENORME ALEGRIA POR TEMPO BREVE SIM MAS PODER VIVÊ_LA VER PORTUGAL LIVRE FASCISMO [PONTO] SETEMBRO VISITAR PAÍS [PONTO] UM SEMANA DEZEMBRO ESCREVER APÁTRIDAS POEMA EXULTANTE EXALTAR SEU OBRA INTEGRAR DIVERSO EDIÇÃO HISTÓRIA LITERATURA PORTUGUÊS [PONTO],CONTER POETA DESCALÇO [PONTO] VIVER DIA 25 MÊS ABRIL ANO_DATA 1974 ENORME ALEGRIA TEMPO BREVE SIM PODER VIVER PORTUGAL_PAÍS LIVRE FASCISMO [PONTO] MÊS SETEMBRO VISITAR PAÍS [PONTO] UMA SEMANA MÊS DEZEMBRO ESCREVER_PAPEL APÁTRIDAS POEMA EXULTANTE EXALTANTE SUA OBRA_LITERATURA INTEGRADA DIVERSA EDIÇÃO HISTÓRIA LITERATURA PORTUGUESA [PONTO]
CONVERSAR MUITO [PONTO],(+)CONVERSAR [PONTO]
TER MUITO CUIDADO [PONTO],(+)CUIDADO [PONTO]
TER MUITO CUIDADO [PONTO],(+)CUIDADO [PONTO]
SER MUITO CURIOSO [PONTO],(+)CURIOSO [PONTO]
ESTAR MUITO CURIOSO [PONTO],(+)CURIOSO [PONTO]
SER MUITO CURTO [PONTO],(+)CURTO [PONTO]
SER MUITO CURTO [PONTO],(+)CURTO [PONTO]
ME DAR POUCO [PONTO],(+)DAR[PONTO]
ESTAR MUITO DECEPCIONADO [PONTO],(+)DECEPÇÃO [PONTO]
SER MUITO DIFÍCIL [PONTO],(+)DIFÍCIL [PONTO]
SER COMPLICAR [PONTO],(+)DIFÍCIL [PONTO]
IR MUITO DIFÍCIL [PONTO],(+)DIFÍCIL [PONTO]
SER MUITO DIFÍCIL [PONTO],(+)DIFÍCIL [PONTO]
SER MUITO DIFÍCIL [PONTO],(+)DIFÍCIL [PONTO]
ISSO SER MUITO DIFÍCIL [PONTO],(+)DIFÍCIL [PONTO]
IR MUITO DIFÍCIL [PONTO],(+)DIFÍCIL [PONTO]
SER MUITO DIFÍCIL [PONTO],(+)DIFÍCIL [PONTO]
ISSO IR MUITO DIFÍCIL [PONTO],(+)DIFÍCIL [PONTO]
SER MUITO DIFÍCIL [PONTO],(+)DIFÍCIL [PONTO]
IR MUITO DIFÍCIL FALAR AQUILO [PONTO],(+)DIFÍCIL DIZER AQUILO [PONTO]
IR MUITO DIFÍCIL FALAR ISSO [PONTO],(+)DIFÍCIL DIZER ISSO [PONTO]
IR SER MUITO DIFÍCIL FAZER ISSO [PONTO],(+)DIFÍCIL FAZER [PONTO]
SER MUITO DIFÍCIL PARA MIM [PONTO],(+)DIFÍCIL MIM [PONTO]
SER MAIS DIFÍCIL QUE PENSAR [PONTO],(+)DIFÍCIL PENSAR [PONTO]
IR MUITO DIVERTIR [PONTO],(+)DIVERTIDO [PONTO]
ISSO IR MUITO DIVERTIR [PONTO],(+)DIVERTIDO [PONTO]
SER MUITO DIVERTIR [PONTO],(+)DIVERTIDO [PONTO]
SER MUITO DOCE [PONTO],(+)DOCE [PONTO]
EU ESTAR MUITO DOENTE [PONTO],(+)DOENTE [PONTO]
DÓI MUITO [INTERROGAÇÃO],(+)DOER [INTERROGAÇÃO]
IR MUITO DOLOROSO [PONTO],(+)DOLOROSO [PONTO]
DORMI DEMAIS [PONTO],(+)DORMIR [PONTO]
EU IR MUITO EDUCAR [PONTO],(+)EDUCAÇÃO_PESSOA [PONTO]
SER MUITO EFICAZ [PONTO],(+)EFICAZ [PONTO]
ISSO SER MUITO EFICAZ [PONTO],(+)EFICAZ [PONTO]
SER MUITO ELEGANTE [PONTO],(+)ELEGANTE [PONTO]
MUITO ELES SER NEGRO LEVAR SPOTSWOOD PERGUNTAR SEU CONSELHO QUE PODER SER FAZER SOBRE CIRCUNSTÂNCIA ESTES NEGRO PARA ISENTÁ _LOS SOFRER MESMO QUE OUTRO PIRATA [PONTO] INDEPENDENTEMENTE ISSO NEGRO IR JULGAR COM DEMAIS CAPITÓLIO WILLIAMSBURG SOB LEI ALMIRANTADO 12 MARÇO 1719 [PONTO],(+)ELES NEGRO LEVAR SPOTSWOOD PERGUNTAR SEU CONSELHO_GRUPO PODER_POSSIBILIDADE FEITO SOBRE_ASSUNTO CIRCUNSTÂNCIA ESTE NEGRO ISENTA SOFRER IGUAL OUTRO PIRATA [PONTO] INDEPENDENTEMENTE DISSO NEGRO JULGADO MAIS_QUANTIDADE CAPITÓLIO WILLIAMSBURG SOB LEI ALMIRANTADO DIA 12 MÊS MARÇO ANO_DATA 1719 [PONTO]
IR MUITO EMBARAÇOSO [PONTO],(+)EMBARAÇOSO [PONTO]
IR MUITO EMOCIONANTE [PONTO],(+)EMOCIONANTE [PONTO]
ESTAR MUITO EMPOLGAR [PONTO],(+)EMPOLGADO [PONTO]
ESTAR MUITO EMPOLGAR [PONTO],(+)EMPOLGADO [PONTO]
ESTAR MUITO EMPOLGAR [PONTO],(+)EMPOLGADO [PONTO]
ESTAR MUITO EMPOLGAR [PONTO],(+)EMPOLGADO [PONTO]
SER TÃO DIVERTIR [PONTO],(+)ENGRAÇADO [PONTO]
ISSO IR MUITO DIVERTIR [PONTO],(+)ENGRAÇADO [PONTO]
AQUILO IR MUITO ENGRAÇAR [PONTO],(+)ENGRAÇADO [PONTO]
ISTO SER MUITO ENGRAÇAR [PONTO],(+)ENGRAÇADO [PONTO]
ISTO SER MUITO ENGRAÇAR [PONTO],(+)ENGRAÇADO [PONTO]
ISSO IR MUITO ENGRAÇAR [PONTO],(+)ENGRAÇADO [PONTO]
IR MUITO ENGRAÇAR [PONTO],(+)ENGRAÇADO [PONTO]
SER MUITO ENGRAÇAR [PONTO],(+)ENGRAÇADO [PONTO]
IR MUITO ENGRAÇAR [PONTO],(+)ENGRAÇADO [PONTO]
ISTO SER MUITO ENGRAÇAR [PONTO],(+)ENGRAÇADO [PONTO]
EU ESTAR MUITO ENTEDIADO TAMBÉM [PONTO],(+)ENTEDIADO [PONT]
ESTAR MUITO ENTEDIADO [PONTO],(+)ENTEDIADO [PONTO]
EU ESTAR MUITO ENTEDIADO [PONTO],(+)ENTEDIADO [PONTO]
ESTAR MUITO ENTEDIADO TAMBÉM [PONTO],(+)ENTEDIADO [PONTO]
EU ESTAR MUITO ENTEDIADO TAMBÉM [PONTO],(+)ENTEDIADO [PONTO]
ESTAR MUITO ENTEDIADO TAMBÉM [PONTO],(+)ENTIADO AQUI [PONTO]
ISSO ESTAR MUITO ERRAR [PONTO],(+)ERRADO [PONTO]
ISSO ESTAR MUITO ERRAR [PONTO],(+)ERRADO [PONTO]
ESTAR MUITO ESCURO [PONTO],(+)ESCURO [PONTO]
ESTAR ESCURO DEMAIS [PONTO],(+)ESCURO [PONTO]
ESTAR MUITO ESCURO [PONTO],(+)ESCURO [PONTO]
ESTAR MUITO ESCURO [PONTO],(+)ESCURO [PONTO]
ESTAR MUITO ESCURO [PONTO],(+)ESCURO [PONTO]
ESTAR MUITO ESCURO [PONTO],(+)ESCURO [PONTO]
ESTAR MUITO ESCURO [PONTO],(+)ESCURO [PONTO]
SER TÃO ESTRANHO [PONTO],(+)ESTRANHO [PONTO]
ESTAR TÃO ESTRANHO [PONTO],(+)ESTRANHO [PONTO]
SER MUITO ESTRANHO [PONTO],(+)ESTRANHO [PONTO]
IR MUITO ESTRANHO [PONTO],(+)ESTRANHO [PONTO]
SER BEM ESTRANHO [PONTO],(+)ESTRANHO [PONTO]
SER MUITO ESTRANHO [PONTO],(+)ESTRANHO [PONTO]
SER MUITO ESTREITO [PONTO],(+)ESTREITO [PONTO]
ESTUDAR MUITO [PONTO],(+)ESTUDAR [PONTO]
ESTUDAR MUITO [PONTO],(+)ESTUDAR [PONTO]
IR ESTUDAR MUITO [PONTO],(+)ESTUDAR [PONTO]
ESTUDAR MUITO ESCOLA [PONTO],(+)ESTUDAR ESCOLA [PONTO]
ESTUDAR MUITO PARA NÃO FALHAR [PONTO],(+)ESTUDAR NÃO_FALHAR [PONTO]
SER TÃO EXCITANTE [PONTO],(+)EXCITANTE [PONTO]
SER FÁCIL DEMAIS [PONTO],(+)FÁCIL [PONTO]
ESTAR FÁCIL DEMAIS [PONTO],(+)FÁCIL [PONTO]
ISSO SER MUITO FÁCIL [PONTO],(+)FÁCIL [PONTO]
SER MUITO FÁCIL [PONTO],(+)FÁCIL [PONTO]
ISSO SER MUITO FÁCIL [PONTO],(+)FÁCIL [PONTO]
SER MUITO FÁCIL [PONTO],(+)FÁCIL [PONTO]
IR MUITO FÁCIL [PONTO],(+)FÁCIL [PONTO]
ISSO SER MUITO FÁCIL [PONTO],(+)FÁCIL [PONTO]
SER MUITO FÁCIL [PONTO],(+)FÁCIL [PONTO]
ISSO SER MUITO FÁCIL [PONTO],(+)FÁCIL [PONTO]
SER MUITO FÁCIL [PONTO],(+)FÁCIL [PONTO]
IR MUITO FÁCIL [PONTO],(+)FÁCIL [PONTO]
ISSO IR MUITO FÁCIL [EXCLAMAÇÃO],(+)FÁCIL [PONTO]
SER MAIS FÁCIL FALAR QUE FAZER [PONTO],(+)FÁCIL DIZER FAZER [PONTO]
SER MAIS FÁCIL FALAR QUE FAZER [PONTO],(+)FÁCIL DIZER QUE FAZER [PONTO]
SER MUITO FÁCIL PARA ELE [PONTO],(+)FÁCIL ELE [PONTO]
TÃO FÁCIL QUANTO ROUBAR DOCE CRIANÇA [PONTO],(+)FÁCIL IGUAL ROUBAR DOCE CRIANÇA  [PONTO]
SER MAIS FÁCIL QUE PARECER [PONTO],(+)FÁCIL PARECER [PONTO]
SER MAIS FÁCIL QUE PENSAR [PONTO],(+)FÁCIL PENSAR [PONTO]
SER MUITO FÁCIL USAR [PONTO],(+)FÁCIL USAR [PONTO]
SER MAIS FÁCIL QUE VOCÊ PENSAR [PONTO],(+)FÁCIL VOCÊ PENSAR [PONTO]
EU FALO MUITO [PONTO],(+)FALAR [PONTO]
FALAR BASTANTE [PONTO],(+)FALAR [PONTO]
SER MUITO FEIO [PONTO],(+)FEIO [PONTO]
SER MUITO FEIO [PONTO],(+)FEIO [PONTO]
ESTAR MUITO FEIO [PONTO],(+)FEIO [PONTO]
ESTAR MUITO FEIO [PONTO],(+)FEIO [PONTO]
SER MUITO FEIO [PONTO],(+)FEIO [PONTO]
SER MUITO FEIO [PONTO],(+)FEIO [PONTO]
ISSO SER MUITO FEIO [PONTO],(+)FEIO [PONTO]
ESTAR MUITO FEIO [PONTO],(+)FEIO [PONTO]
ESTAR MUITO FEIO [PONTO],(+)FEIO [PONTO]
ESTAR MUITO FELIZ [PONTO],(+)FELIZ [PONTO]
EU SER MUITO FELIZ [PONTO],(+)FELIZ [PONTO]
ESTAR MUITO FELIZ [PONTO],(+)FELIZ [PONTO]
EU SER MUITO FELIZ [PONTO],(+)FELIZ [PONTO]
ESTAR MUITO FELIZ [PONTO],(+)FELIZ [PONTO]
ESTAR MUITO FELIZ [PONTO],(+)FELIZ [PONTO]
ESTAR MUITO FELIZ [PONTO],(+)FELIZ [PONTO]
ESTAR MUITO FELIZ [PONTO],(+)FELIZ [PONTO]
EU SER MUITO FELIZ [PONTO],(+)FELIZ [PONTO]
ESTAR MUITO FELIZ [PONTO],(+)FELIZ [PONTO]
EU SER MUITO FELIZ [PONTO],(+)FELIZ [PONTO]
ESTAR MUITO FELIZ [PONTO],(+)FELIZ [PONTO]
EU ESTAR MUITO FELIZ [PONTO],(+)FELIZ [PONTO]
FICAR MUITO FELIZ [PONTO],(+)FELIZ [PONTO]
EU FICAR MUITO FELIZ,(+)FELIZ [PONTO]
ESTAR MUITO FELIZ POR ESTAR CASA [PONTO],(+)FELIZ CASA [PONTO]
ESTAR MUITO FELIZ GEÓRGIA [PONTO],(+)FELIZ GEÓRGIA_PAÍS [PONTO]
SER MUITO FELIZ GEÓRGIA [PONTO],(+)FELIZ GEÓRGIA_PAÍS [PONTO]
ESTAR MUITO FELIZ TE VER NOVO [PONTO],(+)FELIZ VER DE_NOVO [PONTO]
EU ESTAR MUITO FELIZ TE VER NOVO [PONTO],(+)FELIZ VER DE_NOVO [PONTO]
ESTAR TÃO FELIZ POR VOCÊS 2 [EXCLAMAÇÃO],(+)FELIZ VOCÊS_2 [EXCLAMAÇÃO]
SER MUITO FINO [PONTO],(+)FINO [PONTO]
ESTAR MORTO FOME [PONTO],(+)FOME [PONTO]
EU ESTAR BEM FAMINTO [PONTO],(+)FOME [PONTO]
EU ESTAR BEM FAMINTA [PONTO],(+)FOME [PONTO]
EU ESTAR COM BASTANTE FOME [PONTO],(+)FOME [PONTO]
ESTAR COM MUITO FOME AGORA [PONTO],(+)FOME AGORA [PONTO]
EU SER MUITO FORTE [PONTO],(+)FORTE [PONTO]
ESTAR MUITO FRIO [PONTO],(+)FRIO [PONTO]
ESTAR FRIO DEMAIS [PONTO],(+)FRIO [PONTO]
ESTAR MUITO FRIO [PONTO],(+)FRIO [PONTO]
ESTAR MUITO FRIO [PONTO],(+)FRIO [PONTO]
ESTAR BASTANTE FRIO [PONTO],(+)FRIO [PONTO]
ESTAR COM MUITO FRIO [PONTO],(+)FRIO [PONTO]
ESTAR FAZER MUITO FRIO [PONTO],(+)FRIO [PONTO]
ESTAR MUITO FRIO [PONTO],(+)FRIO [PONTO]
ESTAR MUITO FRIO [PONTO],(+)FRIO [PONTO]
ESTAR BASTANTE FRIO [PONTO],(+)FRIO [PONTO]
ESTAR MUITO FRIO [PONTO],(+)FRIO [PONTO]
ESTAR BASTANTE FRIO [PONTO],(+)FRIO [PONTO]
ESTAR MUITO FRIO AGORA [PONTO],(+)FRIO AGORA [PONTO]
ESTAR MUITO FRIO AQUELE ANOITECER [PONTO],(+)FRIO ANOITECER [PONTO]
ESTAR MUITO FRIO AQUI [PONTO],(+)FRIO AQUI [PONTO]
ESTAR MUITO FRIO AQUI [PONTO],(+)FRIO AQUI [PONTO]
ESTAR MUITO FRIO BOSTON [PONTO],(+)FRIO BOSTON_CIDADE [PONTO]
POXA ESTAR MUITO FRIO HOJE [PONTO],(+)FRIO HOJE [PONTO]
ESTAR MUITO FRIO PARA MIM AQUI DENTRO [PONTO],(+)FRIO MIM AQUI DENTRO [PONTO]
ESTAR MUITO FRIO MEU CASA [PONTO],(+)FRIO MINHA CASA [PONTO]
SER MUITO FRIO MEU CASA [PONTO],(+)FRIO MINHA CASA [PONTO]
ESTAR FRIO DEMAIS PARA NADAR [PONTO],(+)FRIO NADAR [PONTO]
QUÃO FUNDO [INTERROGAÇÃO],(+)FUNDO [INTERROGAÇÃO]
SER MAIS GATO QUE VOCÊS [PONTO],(+)GATO DO_QUE VOCÊS [PONTO]
MUITO GENTE PENSAR QUE EU ESTAR ALOUCAR [PONTO],(+)GENTE PENSAR EU LOUCO [PONTO]
MUITO GENTE ACHAR QUE EU ESTAR ALOUCAR [PONTO],(+)GENTE PENSAR EU LOUCO [PONTO]
EU GOSTO MUITO ALHO [PONTO],(+)GOSTAR ALHO [PONTO]
EU GOSTO MUITO AMBAS [PONTO],(+)GOSTAR AMBOS [PONTO]
GOSTO MUITO ANIMAL [PONTO],(+)GOSTAR ANIMAL [PONTO]
GOSTO MUITO ANIMAL [PONTO],(+)GOSTAR ANIMAL [PONTO]
EU GOSTO MUITO BOSTON [PONTO],(+)GOSTAR BOSTON_CIDADE [PONTO]
GOSTO MUITO ESTE CANTOR [PONTO],(+)GOSTAR CANTOR [PONTO]
GOSTO MUITO ESTE CANTOR [PONTO],(+)GOSTAR CANTORA [PONTO]
EU GOSTO MUITO CACHORRO [PONTO],(+)GOSTAR CÃO [PONTO]
GOSTO MUITO CHINA [PONTO],(+)GOSTAR CHINA [PONTO]
GOSTO MUITO CHINA [PONTO],(+)GOSTAR CHINA_PAÍS [PONTO]
GOSTAR MUITO CONVERSAR COM TOM [PONTO],(+)GOSTAR CONVERSAR TOM [PONTO]
GOSTO MUITO ELE [PONTO],(+)GOSTAR DELE [PONTO]
GOSTO MUITO ELE [PONTO],(+)GOSTAR DELE [PONTO]
EU GOSTAR MUITO AQUELE FILME [PONTO],(+)GOSTAR FILME [PONTO]
EU GOSTO MUITO FILME [PONTO],(+)GOSTAR FILME [PONTO]
EU GOSTO MAIS MATEMÁTICA [PONTO],(+)GOSTAR MATEMÁTICA [PONTO]
EU GOSTO MUITO MORANGO [PONTO],(+)GOSTAR MORANGO [PONTO]
EU GOSTO MÚSICA ESPECIALMENTE ROCK [PONTO],(+)GOSTAR MÚSICA ESPECIALMENTE ROCK [PONTO]
EU GOSTO MUITO MÚSICA CLÁSSICO [PONTO],(+)GOSTAR MÚSICA_CLÁSSICA [PONTO]
EU GOSTAR MUITO SEU HISTÓRIA [PONTO],(+)GOSTAR SUA HISTÓRIA [PONTO]
EU GOSTO MUITO SEU IRMÃ [PONTO],(+)GOSTAR SUA IRMÃ [PONTO]
EU GOSTO MUITO TCHECOSLOVÁQUIA [PONTO],(+)GOSTAR TCHECOSLOVÁQUIA_PAÍS [PONTO]
EU GOSTO MUITO TOM [PONTO],(+)GOSTAR TOM [PONTO]
GOSTO MUITO TOM [PONTO],(+)GOSTAR TOM [PONTO]
GOSTO MUITO TOM [PONTO],(+)GOSTAR TOM [PONTO]
EU GOSTO MUITO TOM [PONTO],(+)GOSTAR TOM [PONTO]
GOSTO MUITO TOM [PONTO],(+)GOSTAR TOM [PONTO]
EU GOSTO MUITO TOM [PONTO],(+)GOSTAR TOM [PONTO]
GOSTO MUITO TOM [PONTO],(+)GOSTAR TOM [PONTO]
EU GOSTO MUITO TREM [PONTO],(+)GOSTAR TREM [PONTO]
EU GOSTO MUITO ESTE VINHO [PONTO],(+)GOSTAR VINHO_TINTO [PONTO]
GOSTO MUITO ESTE VINHO [PONTO],(+)GOSTAR VINHO_TINTO [PONTO]
GOSTO DEMAIS DESSE VINHO [PONTO],(+)GOSTAR VINHO_TINTO [PONTO]
EU GOSTO MUITO VOCÊ [PONTO],(+)GOSTAR VOCÊ [PONTO]
GOSTO MUITO VOCÊ [PONTO],(+)GOSTAR VOCÊ [PONTO]
GOSTO VOCÊ VERDADE [PONTO],(+)GOSTAR VOCÊ [PONTO]
EU GOSTO VOCÊ VERDADE [PONTO],(+)GOSTAR VOCÊ [PONTO]
EU GOSTO MUITO VOCÊ [PONTO],(+)GOSTAR VOCÊ [PONTO]
GOSTO MUITO VOCÊ [PONTO],(+)GOSTAR VOCÊ [PONTO]
EU GOSTO MUITO VOCÊ [PONTO],(+)GOSTAR VOCÊ [PONTO]
GOSTO MUITO VOCÊS [PONTO],(+)GOSTAR VOCÊS [PONTO]
EU GOSTO MUITO VOCÊS [PONTO],(+)GOSTAR VOCÊS [PONTO]
GOSTO MUITO VOCÊS [PONTO],(+)GOSTAR VOCÊS [PONTO]
EU GOSTO MUITO VOCÊS [PONTO],(+)GOSTAR VOCÊS [PONTO]
SER MUITO GOSTOSO [PONTO],(+)GOSTOSO [PONTO]
SER MUITO GRANDE [EXCLAMAÇÃO],(+)GRANDE [EXCLAMAÇÃO]
SER GRANDE DEMAIS [INTERROGAÇÃO],(+)GRANDE [INTERROGAÇÃO]
SER MUITO GRANDE [PONTO],(+)GRANDE [PONTO]
SER GRANDE DEMAIS [PONTO],(+)GRANDE [PONTO]
SER DEMASIADO GRANDE [PONTO],(+)GRANDE [PONTO]
SER MUITO GRANDE [PONTO],(+)GRANDE [PONTO]
SER MUITO GRANDE [PONTO],(+)GRANDE [PONTO]
SER MUITO GRANDE [PONTO],(+)GRANDE [PONTO]
SER MUITO GRANDE [PONTO],(+)GRANDE [PONTO]
ISSO SER BEM GRANDE [PONTO],(+)GRANDE [PONTO]
SER MUITO GRATIFICAR [PONTO],(+)GRATIFICANTE [PONTO]
MUITO HISTORIADOR ARTE DESCONFIAR QUE REVERÊNCIA DA VINCI MONA LISA NADA TER VER COM SEU MAESTRIA ARTÍSTICO [PONTO] SEGUNDO MUITO AFIRMAR DEVER ALGO MUITO BEM MAIS APROFUNDAR MENSAGEM OCULTAR CAMADA PINTURA [PONTO],(+)HISTORIADOR ARTE DESCONFIAR REVERÊNCIA VINCI  MONA LISA NÃO_TER SUA MAESTRIA ARTÍSTICA [PONTO] SEGUNDO (+)AFIRMAR ALGO (+)BEM MAIS_QUANTIDADE PROFUNDO MENSAGEM OCULTA CAMADA PINTURA [PONTO]
EU SER MUITO HUMILDE [PONTO],(+)HUMILDE [PONTO]
SER MUITO HUMILDE [PONTO],(+)HUMILDE [PONTO]
MAIS IMPORTANTE SER AUSÊNCIA INFORMAÇÃO PARA COMPROVAR SE TEORIA SER MAIS CORRETA QUE TEORIA B AMBAS TER MESMO RESULTADO PORÉM CÁLCULO ARGUMENTO TEORIA SER MUITO MAIS COMPLEXO QUE PARA TEORIA B [PONTO],(+)IMPORTANTE FALTAR DADOS COMPROVAR TEORIA CORRETA TEORIA B AMBA TER MESMO RESULTADO CÁLCULO ARGUMENTO TEORIA COMPLEXA TEORIA B [PONTO]
GRANDE IMPORTÂNCIA JOÃO CASTILHO QUADRO ARQUITETURA PORTUGUÊS IDADE MODERNA SER QUE SE LHE DEVER TRIBUTAR MAIS QUE QUALQUER OUTRO GRANDE MESTRE FORMAÇÃO GÓTICO-MANUELINA … DESCOBERTA MUITO PESSOAL HUMANIZAR RECEITUÁRIO RENASCENTISTA ITÁLIA FAZER ASSIM ESPÉCIE CONTRAPONTO COM TODO SEU PRECEDENTE ABUNDANTÍSSIMA PRODUÇÃO [PONTO] SOB ESTÍMULO EMINENTE HUMANISTA JERÓNIMO FREI ANTÓNIO LISBOA INFORMAR NOVO VIA ARTÍSTICO ATRAVÉS EXEMPLO ESCULTURA COMO NICOLAU CHANTERENE COM QUAL COLABORAR JERÓNIMOS JOÃO RUÃO QUE CONTACTAR ESSE MESMO ANO AQUANDO EDIFICAR IGREJA MATRIZ ATALAIA CONHECEDOR TRATADO ARQUITETÓNICOS LEON BATTISTA ALBERTI DIEGO SAGREDO OU TRADUÇÃO LIVRO VITRÚVIO POR CESARE CESARIANO JOÃO CASTILHO OPERAR COMPLETO INVERSÃO ESTRADA DEMONSTRAR SOLIDIFICAR CONHECIMENTO MODO ITALIANO CONSTRUIR PARA_QUE PODER TER CONTRIBUIR AINDA POSSÍVEL VIAGEM NÁPOLES QUE NÃO EXISTIR DOCUMENTAR COMPROVATIVO ÉPOCA [PONTO] SEU MONUMENTAL OBRA_PRIMA ESTE SEGUNDA FASE CARREIRA SER REALIZAR DURANTE MAIS 20 ANO C [PONTO] 15321552 DEDICAR RECONFIGURAR AMPLIAR CONVENTO CRISTO TOMAR ONDE VISÃO SOBRECARREGAR MANUELINO CEDER LUGAR SUPERFÍCIE PLANO RECORTAR GRANDE CLAREAR COM SISTEMA COLUNÁRIOS CAPITEL INSPIRAR CLÁSSICO [PONTO] PURA ARQUITETURA VANGUARDA PALAVRA PAULO PEREIRA [PONTO],(+)IMPORTANTE JOÃO CASTILHO QUADRO ARQUITETURA PORTUGAL_PAÍS IDADE MODERNA DEVER_OBRIGAÇÃO TRIBUTAR MAIS_QUANTIDADE 1S_DO_QUE_2S OUTRO MESTRE FORMAÇÃO GÓTICO MANUELINA ENOCNTRAR PESSOAL HUMANIZADO RECEITUÁRIO RENASCIMENTO ITÁLIA_PAÍS ESPÉCIE PRECEDENTE ABUNDANTE PRODUÇÃO [PONTO] ESTIMULAR HUMANISTA JERÔNIMO FREI ANTÔNIO LISBOA AVISAR NOVO_RECENTE ARTÍSTICO EXEMPLO ESCULTOR NICOLAU CHANTERENE COLABORAR_AJUDAR JERÕNIMO JOÃO RUÃO CONTACTAR ANO_DATA QUANDO EDIFICAÇÃO IGREJA MATRIZ ATALAIA TRATADO ARQUITETURA LEON BATTISTA ALBERTI DIEGO SAGREDO TRADUÇÃO LIVRO VITRÚVIO CESARE CESARIANO JOÃO CASTILHO AGIR COMPLETAR INVERSÃO ESTRADA DEMONSTRAR SOLIDIFICADO CONHECIMENTO ITÁLIA_PAÍS CONSTRUIR PODER_POSSIBILIDADE CONTRIBUIR VIAGEM NÁPOLES NÃO_TER DOCUMENTAÇÃO COMPROVAR ÉPOCA [PONTO] MONUMENTAL OBRA_PRIMA SEGUNDO_SEQUÊNCIA FASE CARREIRA_PROFISSÃO FUTURO REALIZADA DURANTE MAIS 20 ANO_DATA 100 1532-1552 DEDICADO RECONFIGURAÇÃO AMPLIAÇÃO CONVENTO CRISTO VISÃO SOBRECARREGAR MANUELINO CEDER SUPERFÍCIE PLANO_LISO RECORTAR CLAREZA SISTEMA COLUNÁRIO CAPITEL INSPIRAÇÃO CLÁSSICO [PONTO] ARQUITETURA VANGUARDA PALAVRA PAULO PEREIRA [PONTO]
ESTAR MUITO IMPRESSIONAR [PONTO],(+)IMPRESSIONADO [PONTO]
SER MUITO IMPROVAR [PONTO],(+)IMPROVÁVEL [PONTO]
ISSO SER MUITO INADEQUADO [PONTO],(+)INAPROPRIADO [PONTO]
EU ESTAR MUITO INFELIZ [PONTO],(+)INFELIZ [PONTO]
ESTAR MUITO INFELIZ [PONTO],(+)INFELIZ [PONTO]
SER MUITO INFELIZ [PONTO],(+)INFELIZ [PONTO]
ESTAR MUITO INFELIZ [PONTO],(+)INFELIZ [PONTO]
ESTAR MUITO INFELIZ AQUI [PONTO],(+)INFELIZ AQUI [PONTO]
ISSO IR MUITO INTERESSANTE [PONTO],(+)INTERESSANTE [PONTO]
IR MUITO INTERESSANTE MESMO [PONTO],(+)INTERESSANTE MESMO [PONTO]
SER MUITO INTRIGANTE [PONTO],(+)INTRIGANTE [PONTO]
LER MUITO [PONTO],(+)LER [PONTO]
EU LER MUITO [PONTO],(+)LER [PONTO]
ESTAR MUITO LIMPO [PONTO],(+)LIMPO [PONTO]
EU FICAR MUITO LISONJEAR [PONTO],(+)LISONJEADO [PONTO]
AINDA ESTAR MUITO LONGE [INTERROGAÇÃO],(+)LONGE [INTERROGAÇÃO]
SER LONGE DEMAIS [PONTO],(+)LONGE [PONTO]
ESTAR LONGE DEMAIS [PONTO],(+)LONGE [PONTO]
ISSO SER LONGE DEMAIS [PONTO],(+)LONGE [PONTO]
ISSO ESTAR LONGE DEMAIS [PONTO],(+)LONGE [PONTO]
ISTO ESTAR LONGE DEMAIS [PONTO],(+)LONGE [PONTO]
TANTO MACHO QUANTO FÊMEA UTILIZAR MARCAÇÃO COM CHEIRO MAS MACHO FAZER ISSO COM MAIS FREQUÊNCIA PRINCIPALMENTE PERÍODO ESTRO FÊMEA [PONTO],(+)MACHO QUANTO FÊMEA UTILIZAR MARCAÇÃO CHEIRO_ODOR MACHO FAZER ISSO (+)FREQUÊNCIA PRINCIPALMENTE PERÍODO ESTRO FÊMEA [PONTO]
TER MUITO MEDO [PONTO],(+)MEDO [PONTO]
ESTAR COM MUITO MEDO [PONTO],(+)MEDO [PONTO]
EU ESTAR COM MUITO MEDO [PONTO],(+)MEDO [PONTO]
EU ESTAR MUITO NERVOSO [PONTO],(+)NERVOSO [PONTO]
ESTAR MUITO NERVOSO [PONTO],(+)NERVOSO [PONTO]
EU ESTAR MUITO NERVOSO [PONTO],(+)NERVOSO [PONTO]
ESTAR MUITO NERVOSO [PONTO],(+)NERVOSO [PONTO]
NEVOU MUITO [PONTO],(+)NEVAR [PONTO]
SER NEVASCA [PONTO],(+)NEVAR [PONTO]
SER MUITO NORMAL [PONTO],(+)NORMAL [PONTO]
SER MUITO NORMAL [PONTO],(+)NORMAL [PONTO]
SER MUITO NUMEROSO BRASIL [PONTO] VIVER BOSQUE ONDE FAZER SEUS NINHO ABRIR CAVIDADE TRONCO ÁRVORE SER ESSE MOTIVO NOMENCLATURA PICA_PAU [PONTO] ELES SER CAPAZ DAR 100 BICAR POR MINUTO TRONCO ÁRVORE [PONTO],(+)NUMEROSO BRASIL_PAÍS [PONTO] VIVER BOSQUE ONDE FAZER SEU NINHO ABRIR CAVIDADE TRONCO ÁRVOR ESSE MOTIVO NOMENCLATURA PICA_PAU [PONTO] ELES CAPAZ 1S_DAR_2S 100 BICADA MINUTO TRONCO ÁRVORE [PONTO]
SER MUITO NUTRITIVO [PONTO],(+)NUTRITIVO [PONTO]
MUITO MUITO OBRIGAR [EXCLAMAÇÃO],(+)OBRIGADO [EXCLAMAÇÃO]
MUITO OBRIGAR [PONTO],(+)OBRIGADO [PONTO]
MUITO OBRIGAR [PONTO],(+)OBRIGADO [PONTO]
MUITO OBRIGAR AJUDA [PONTO],(+)OBRIGADO AJUDA [PONTO]
MUITO OBRIGAR ALMOÇO [PONTO],(+)OBRIGADO ALMOÇO [PONTO]
MUITO OBRIGAR ALMOÇO [PONTO],(+)OBRIGADO ALMOÇO [PONTO]
MUITO OBRIGAR CONSELHO [PONTO],(+)OBRIGADO CONSELHO_ACONSELHAR [PONTO]
MUITO OBRIGAR POR TER VIR [PONTO],(+)OBRIGADO TER VINDO [PONTO]
MUITO OBRIGAR TODO [PONTO],(+)OBRIGADO TODO [PONTO]
MUITO OBRIGAR MESMO [EXCLAMAÇÃO],(+)OBRIGADO VERDADE [EXCLAMAÇÃO]
ESTAR MUITO OCUPAR [PONTO],(+)OCUPADO [PONTO]
ESTAR MUITO OCUPAR [PONTO],(+)OCUPADO [PONTO]
EU ESTAR MUITO OCUPAR [PONTO],(+)OCUPADO [PONTO]
ESTAR MUITO OCUPAR [PONTO],(+)OCUPADO [PONTO]
ESTAR BASTANTE OCUPAR HOJE [PONTO],(+)OCUPADO HOJE [PONTO]
EU ESTAR MUITO OCUPAR HOJE [PONTO],(+)OCUPADO HOJE [PONTO]
ESTAR MUITO OCUPAR HOJE [PONTO],(+)OCUPADO HOJE [PONTO]
ESTAR MUITO OCUPAR HOJE [PONTO],(+)OCUPADO HOJE [PONTO]
ESTAR OCUPAR DEMAIS PARA IR [PONTO],(+)OCUPADO IR [PONTO]
TER ESTAR MUITO OCUPAR ULTIMAMENTE [PONTO],(+)OCUPADO ULTIMAMENTE [PONTO]
FICAR MUITO ORGULHOSO MEU FILHO [PONTO],(+)ORGULHOSO MEU FILHO [PONTO]
FICAR MUITO ORGULHOSO MEU FILHO [PONTO],(+)ORGULHOSO MEU FILHO [PONTO]
FAZER TANTO TEMPO [PONTO],(+)PASSADO [PONTO]
PENSAR MUITO VOCÊ [PONTO],(+)PENSAR VOCÊ [PONTO]
EU SER MUITO PEQUENO [PONTO],(+)PEQUENO [PONTO]
SER MUITO PEQUENO [PONTO],(+)PEQUENO [PONTO]
SER MUITO PEQUENO [PONTO],(+)PEQUENO [PONTO]
SER MUITO PEQUENO [PONTO],(+)PEQUENO [PONTO]
ESTAR MUITO PEQUENO [PONTO],(+)PEQUENO [PONTO]
SER MUITO PEQUENO [PONTO],(+)PEQUENO [PONTO]
ESTAR MUITO PEQUENO [PONTO],(+)PEQUENO [PONTO]
SER MUITO ARRISCAR [PONTO],(+)PERIGO [PONTO]
SER MUITO PERIGOSO [PONTO],(+)PERIGO [PONTO]
SER MUITO PERIGOSO [PONTO],(+)PERIGOSO [PONTO]
SER MAIS ARRISCAR QUE PARECER [PONTO],(+)PERIGOSO [PONTO]
SER MUITO ARRISCAR [PONTO],(+)PERIGOSO [PONTO]
CHEGAR MAIS PERTO [PONTO],(+)PERTO [PONTO]
CHEGAR MAIS PERTO [PONTO],(+)PERTO [PONTO]
CHEGAR MAIS PERTO [PONTO],(+)PERTO [PONTO]
CHEGAR MUITO PERTO [PONTO],(+)PERTO [PONTO]
ESTAR BEM PERTO [PONTO],(+)PERTO [PONTO]
EU SER MUITO MAIS PESAR QUE VOCÊ [PONTO],(+)PESADO MAIS_QUANTIDADE 1S_DO_QUE_2S  [PONTO]
EU SER MUITO MAIS PESAR QUE VOCÊ [PONTO],(+)PESADO MAIS_QUANTIDADE 1S_DO_QUE_2S  [PONTO]
MUITO PESQUISADOR APONTAR QUE ESTUDO MILGRAM IR CONDUZIR CONDIÇÃO LABORATÓRIO POR_ISSO FALAR QUE TER PERGUNTAR SE ISTO NOS FALAR MUITO SOBRE SITUAÇÃO VIDA REAL [PONTO] ELES CONCLUIR QUE NÓS OBEDECER VARIEDADE SITUAÇÃO VIDA REAL QUE SER MUITO MAIS SUTIS QUE INSTRUÇÃO PARA DAR CHOQUE_ELÉTRICO OUTRO PESSOA SER INTERESSANTE VER QUAL FATOR OPERAR OBEDIÊNCIA TODO_DIA [PONTO],(+)PESQUISADOR APONTAR_INDICAR ESTUDO MILGRAM CONDUZIDO CONDIÇÃO LABORATÓRIO ISSO DIZER TER PERGUNTAR ISTO DIZER (+)SITUAÇÃO VIDA REAL [PONTO] ELES CONCLUIR NÓS OBEDECER VARIEDADE SITUAÇÃO VIDA REAL (+)MAIS_QUANTIDADE SUTIS INSTRUÇÃO 1S_DAR_2S CHOQUE_ELÉTRICO OUTRA PESSOA INTERESSANTE VER FATOR OPERAR OBEDIÊNCIA TODO_DIA [PONTO]
MUITO PESSOA NÃO VOTAR [PONTO],(+)PESSOA NÃO_VOTAR [PONTO]
MUITO PESSOA TRANSGÊNERO PREFERIR DESIGNAÇÃO TRANSGÊNERO REJEITAR TRANSEXUAL [PONTO] POR EXEMPLO CHRISTINE JORGENSEN REJEITAR PUBLICAMENTE TERMO TRANSEXUAL 1979 VEZ ISSO SE IDENTIFICAR PUBLICAR COMO TRANSGÊNERO FALAR GÊNERO NÃO_TER VER COM PARCEIRO CAMA TER VER COM IDENTIDADE [PONTO] REFERE-SE PREOCUPAÇÃO QUE TRANSEXUAL IMPLICAR ALGO VER COM SEXUALIDADE QUANDO SE TRATAR REALMENTE IDENTIDADE GÊNERO [PONTO],(+)PESSOA TRANSGÊNERO PREFERIR DESIGNAÇÃO TRANSGÊNERO REJEITAR TRANSEXUAL [PONTO] EXEMPLO CHRISTINE JORGENSEN REJEITAR  PUBLICAMENTE TERMO TRANSEXUAL ANO_DATA 1979 IDENTIFICAR PUBLICAÇÃO IGUAL TRANSGÊNERO DIZER GÊNERO NÃO_TER PARCEIRO CAMA TER IDENTIDADE_GÊNERO [PONTO] REFERIR PREOCUPAÇÃO TRANSEXUAL IMPLICAR ALGO VER SEXUALIDADE TRATAR REALMENTE IDENTIDADE GÊNERO [PONTO]
SER MUITO PESSOAL [PONTO],(+)PESSOAL [PONTO]
ISTO SER MUITO PIOR [PONTO],(+)PIOR [PONTO]
EU SER MUITO POBRE [PONTO],(+)POBRE [PONTO]
SER MUITO POPULAR [PONTO],(+)POPULAR [PONTO]
SER MUITO POPULAR TAMBÉM DEVIDO FACTO CONSTITUIR FRUTA NÃO SAZONAL QUE PODER SER CONSUMIR FRESCA DURANTE TODO ANO [PONTO] COMÉRCIO GLOBAL VARIEDADE CULTIVO MAIOR IMPORTÂNCIA ECONÓMICA SER LONGE CHAMAR BANANA BANANA_CAVENDISH BANANA_CATURRA CULTURA LUSÓFONO QUE SUPERAR POPULARIDADE DÉCADA 1950 VARIEDADE GROS MICHEL DEPOIS ESTE TER SER DIZIMAR MAL-DO-PANAMÁ FUNGO QUE ATACAR RAIZ BANANEIRA [PONTO],(+)POPULAR TAMBÉM CONSTITUIR FRUTA NÃO SAZONAL CONSUMIR FRESCO TODO_ANO [PONTO] COMÉRCIO GLOBAL VARIEDADE CULTIVAR MAIOR IMPORTÂNCIA ECONÔMICA BANANA BANANA CAVENDISH BANANA CATURRA CULTURA LUSÓFONA SUPERAR POPULAR DÉCADA 1950 VARIEDADE GROS MICHEL DEPOIS DIZIMAR MAL PANAMÁ_PAÍS FUNGO ATACAR_AGREDIR RAÍZ BANANEIRA [PONTO]
MUITO POVO DIVERSO ETNIA MIGRAR PARA PLANÍCIE CENTRAL EUROPEU [PONTO],(+)POVO DIVERSA ETNIA MIGRAR PLANÍCIE CENTRAL EUROPEIA [PONTO]
MUITO PRAZER [PONTO],(+)PRAZER [PONTO]
SER MUITO PREGUIÇOSO [PONTO],(+)PREGUIÇA [PONTO]
ESTAR MUITO PREOCUPAR [PONTO],(+)PREOCUPAÇÃO [PONTO]
ESTAR MUITO PREOCUPAR COM ISTO [PONTO],(+)PREOCUPAÇÃO ISTO [PONTO]
ESTAR MUITO PREOCUPAR [PONTO],(+)PREOCUPADO [PONTO]
EU FICAR MUITO PREOCUPAR [PONTO],(+)PREOCUPADO [PONTO]
EU ESTAR MUITO PREOCUPAR [PONTO],(+)PREOCUPADO [PONTO]
ESTAR MUITO PREOCUPAR COM_VOCÊ [PONTO],(+)PREOCUPAR COM VOCÊ [PONTO]
ESTAR MUITO QUENTE [PONTO],(+)QUENTE [PONTO]
ESTAR MUITO QUENTE [PONTO],(+)QUENTE [PONTO]
SER MUITO QUENTE [PONTO],(+)QUENTE [PONTO]
ESTAR MUITO QUENTE [PONTO],(+)QUENTE [PONTO]
ESTAR MUITO QUENTE PARA MIM [PONTO],(+)QUENTE [PONTO]
ESTAR MUITO QUENTE [PONTO],(+)QUENTE [PONTO]
ESTAR MUITO QUENTE [PONTO],(+)QUENTE [PONTO]
ESTAR MUITO QUENTE [PONTO],(+)QUENTE [PONTO]
SER MUITO QUENTE [PONTO],(+)QUENTE [PONTO]
ESTAR MUITO QUENTE [PONTO],(+)QUENTE [PONTO]
ESTAR MUITO QUENTE AQUI [PONTO],(+)QUENTE AQUI [PONTO]
ESTAR MUITO QUENTE AQUI [PONTO],(+)QUENTE AQUI [PONTO]
ESTAR MUITO QUENTE AQUI [PONTO],(+)QUENTE AQUI [PONTO]
ESTAR BEM QUENTE HOJE [PONTO],(+)QUENTE HOJE [PONTO]
ESTAR MUITO QUENTE HOJE [PONTO],(+)QUENTE HOJE [PONTO]
EU QUERER MUITO ISSO [PONTO],(+)QUERER [PONTO]
QUERER MUITO ISSO [PONTO],(+)QUERER [PONTO]
EU ESTAR MUITO ZANGAR MESMO [EXCLAMAÇÃO],(+)RAIVA [EXCLAMAÇÃO]
ESTAR MUITO ZANGAR MESMO [EXCLAMAÇÃO],(+)RAIVA [PONTO]
EU SER MUITO RÁPIDO [PONTO],(+)RÁPIDO [PONTO]
EU SER MUITO RÁPIDA [PONTO],(+)RÁPIDO [PONTO]
SER MUITO RARO [PONTO],(+)RARO [PONTO]
ISSO SER MUITO RARO [PONTO],(+)RARO [PONTO]
SER MUITO RARO [PONTO],(+)RARO [PONTO]
ISSO SER MUITO RARO [PONTO],(+)RARO [PONTO]
ESTAR MUITO RELAXAR [PONTO],(+)RELAXADO [PONTO]
EU ESTAR MUITO RELAXAR [PONTO],(+)RELAXADO [PONTO]
ISSO SER TÃO RELAXANTE [PONTO],(+)RELAXANTE [PONTO]
SER TÃO RELAXANTE [PONTO],(+)RELAXANTE [PONTO]
SER MUITO REVOLTANTE [PONTO],(+)REVOLTANTE [PONTO]
EU SER MUITO RICO [PONTO],(+)RICO [PONTO]
EU SER MUITO RICO [PONTO],(+)RICO [PONTO]
EU SER MUITO RÍGIDO [PONTO],(+)RÍGIDO [PONTO]
SER MUITO ROMÂNTICO [EXCLAMAÇÃO],(+)ROMÂNTICO [EXCLAMAÇÃO]
SER MUITO ROMÂNTICO [EXCLAMAÇÃO],(+)ROMÂNTICO [EXCLAMAÇÃO]
ISSO IR MUITO RUDE [PONTO],(+)RUDE [PONTO]
SABER ISSO MUITO BEM [PONTO],(+)SABER DISSO [PONTO]
SABER MUITO BEM ISSO [PONTO],(+)SABER DISSO [PONTO]
SENTIR MUITO SAUDADE VOCÊ [PONTO],(+)SAUDADE VOCÊ [PONTO]
SINSENTIR MUITO POR AQUILO [PONTO],(+)SENTIR [PONTO]
EU SINSENTIR MUITO SEU AUSÊNCIA [PONTO],(+)SENTIR SAUDADE [PONTO]
EU SINSENTIR MUITO AUSÊNCIA ELE [PONTO],(+)SENTIR SAUDADE [PONTO]
SINSENTIR TANTO SEU AUSÊNCIA [PONTO],(+)SENTIR SAUDADE [PONTO]
SER MUITO SÉRIO [PONTO],(+)SÉRIO [PONTO]
MAIOR SHOW MEU VIDA EXPERIÊNCIA QUE IR SER MUITO BOA CONTAR RESTO VIDA PHIL FARGNOLI,(+)SHOW MINHA VIDA EXPERIÊNCIA (+)BOA CONTAR_FALAR SEMPRE VIDA PHIL FARGNOLI
SER MUITO SIMPLES [PONTO],(+)SIMPLES [PONTO]
ISSO SER MUITO SIMPLES [PONTO],(+)SIMPLES [PONTO]
SER MUITO SIMPLES [PONTO],(+)SIMPLES [PONTO]
ISSO SER MUITO SIMPLES [PONTO],(+)SIMPLES [PONTO]
IR MUITO SIMPLES [PONTO],(+)SIMPLES [PONTO]
SER MUITO SIMPLES [PONTO],(+)SIMPLES [PONTO]
MUITO SOLDADO MORRER AQUI [PONTO],(+)SOLDADO MORRER  AQUI [PONTO]
EU SOLUÇO MUITO [PONTO],(+)SOLUÇAR [PONTO]
EU ESTAR COM MUITO SONO [PONTO],(+)SONO [PONTO]
ESTAR COM MUITO SONO AGORA [PONTO],(+)SONO AGORA [PONTO]
SER MUITO SORTUDO [PONTO],(+)SORTE [PONTO]
EU IR MUITO SORTUDO [PONTO],(+)SORTE [PONTO]
EU IR MUITO SORTUDA [PONTO],(+)SORTE [PONTO]
EU IR MUITO SORTUDO [PONTO],(+)SORTE [PONTO]
EU IR MUITO SORTUDA [PONTO],(+)SORTE [PONTO]
SER MUITO SORTUDO [PONTO],(+)SORTUDO [PONTO]
EU ESTAR MUITO SOZINHO [PONTO],(+)SOZINHO [PONTO]
FICAR MUITO CHOCAR [PONTO],(+)SURPRESA [PONTO]
FICAR MUITO CHOCAR [PONTO],(+)SURPRESA [PONTO]
ESTAR MUITO SURPRESO [PONTO],(+)SURPRESA [PONTO]
SER MUITO TARDE AGORA [PONTO],(+)TARDE AGORA [PONTO]
IR LEVAR TEMPO [PONTO],(+)TEMPO [PONTO]
FAZER MUITO TEMPO [PONTO],(+)TEMPO [PONTO]
POUCO TEMPO DEPOIS RECEBER CONDECORAÇÃO OURO YOUTUBE NÚMERO INSCRITOS SEU CANAL [PONTO] 2017 DURANTE GRAVIDEZ KELLY APROVEITAR PARA EXPANDIR TEMÁTICA SEU CANAL ALTERAR NOME PARA CANAL KELLY KEY PASSAR CONTAR COM VÍDEO SOBRE GESTAÇÃO CUIDADOS COM BEBÊ CULINÁRIA FITNESS RELACIONAMENTO SEXO COM PARTICIPAÇÃO SEU MARIDO CUIDADOS ESTÉTICO ENTREVISTAS COM ESTETICISTAS RELACIONAR UNIVERSO FEMININO ALÉM TRADICIONAL VÍDEO SOBRE TREINAMENTO CONDICIONAMENTO FÍSICO [PONTO] 2018 ATINGIR 1 MILHÃO INSCRITOS SEU CANAL [PONTO],(+)TEMPO DEPOIS RECEBER CONDECORAÇÃO OURO YOUTUBE NÚMERO INSCRITO SEU CANAL_TELEVISÃO [PONTO] ANO_DATA 2017 DURANTE GRAVIDEZ KELLY APROVEITAR_UTILIZAR EXPANDIR TEMÁTICA SEU CANAL ALTERAR NOME CANAL KELLY KEY CONTAR_FALAR VÍDEO SOBRE_ASSUNTO GESTAÇÃO CUIDADO BEBÊ CULINÁRIA FITNES RELACIONAMENTO SEXO PARTICIPAÇÃO SEU MARIDO CUIDADO ESTÉTICO ENTREVISTA ESTETICISTA RELACIONADO UNIVERSO FEMININO ALÉM TRADICIONAL VÍDEO TEMA TREINAMENTO CONDICIONAMENTO FÍSICO [PONTO] ANO_DATA 2018 ATINGIR_ALCANÇAR 1 MILHÃO INSCRITO SEU CANAL_TELEVISÃO [PONTO]
POR MUITO TEMPO TRABALHO COM TIPOGRAFIA COMO ATIVIDADE PROJETUAL INDUSTRIAL GRÁFICA SER LIMITAR TIPOGRAFIA TÉCNICO OU DESIGNER ESPECIALIZAR [PONTO],(+)TEMPO TRABALHO TIPOGRAFIA ATIVIDADE PROJETUAL INDUSTRIAL GRÁFICA ESTREITO TIPÓGRAFO TÉCNICO DESIGNER ESPECIALIZADO [PONTO]
EU SER MUITO TÍMIDO [PONTO],(+)TÍMIDO [PONTO]
SER MUITO TÍMIDO [PONTO],(+)TÍMIDO [PONTO]
EU SER MUITO TÍMIDO [PONTO],(+)TÍMIDO [PONTO]
TRABALHO MUITO [PONTO],(+)TRABALHAR [PONTO]
EU TRABALHAR MUITO HOJE [PONTO],(+)TRABALHAR HOJE [PONTO]
TRABALHAR MUITO HOJE [PONTO],(+)TRABALHAR HOJE [PONTO]
ESTAR MUITO TRISTE [PONTO],(+)TRISTE [PONTO]
EU ESTAR MUITO TRISTE [PONTO],(+)TRISTE [PONTO]
ME SINSENTIR MUITO TRISTE [PONTO],(+)TRISTE [PONTO]
SINSENTIR MUITO TRISTE [PONTO],(+)TRISTE [PONTO]
ISSO SER MUITO TRISTE [PONTO],(+)TRISTE [PONTO]
IR MUITO ÚTIL [PONTO],(+)ÚTIL [PONTO]
SER MUITO ÚTIL ANÁLISE CIRCUITO POTENCIAL REFERÊNCIA 0 VOLT NÃO_PRECISAR ESTAR INFINITO PODER ESTE CASO SER PONTO REFERÊNCIA ESCOLHER LIVREMENTE DENTRO CIRCUITO [PONTO],(+)ÚTIL ANÁLISE CIRCUITO POTENCIAL REFERÊNCIA 0 VOLT NÃO_PRECISAR INFINITO PODER_POSSIBILIDADE CASO_EVENTO PONTO_LOCAL REFERÊNCIA ESCOLHER LIVRE DENTRO CIRCUITO [PONTO]
SER MAIS VELHO [PONTO],(+)VELHO [PONTO]
SER MAIS VELHO QUE TEU IRMÃO [PONTO],(+)VELHO DO_QUE TEU IRMÃO [PONTO]
HAVER MUITO VENTO [PONTO],(+)VENTO [PONTO]
ESTAR VENTANDO MUITO LÁ FORA [INTERROGAÇÃO],(+)VENTO LÁ FORA [INTERROGAÇÃO]
ESTAR MUITO ENVERGONHAR [PONTO],(+)VERGONHA [PONTO]
MUITO VEZ CONSIDERAR IDEIA MAIS VERDADEIRO APENAS PORQUE HAVER QUALQUER COISA MUITO BELO DIVINO RITMO FORMA MÉTRICA SEU ENUNCIAR [PONTO] NÃO SER DIVERTIR NOTAR QUE FILÓSOFO MAIS SÉRIO POR MAIS RIGOROSO QUE SER SEU BUSCA CERTEZA CITAR FREQUENTEMENTE PALAVRA POETA PARA DAR SEUS IDEIA MAIS FORÇA CREDIBILIDADE [INTERROGAÇÃO] ENTANTO SER MAIS PERIGOSO PARA VERDADE SE POETA CONCORDAR COM ELA QUE SE ELE CONTRADIZER [EXCLAMAÇÃO] PORQUE COMO FALAR HOMERO MUITO MENTIRA CONTAR POETA [PONTO] 84,(+)VEZ CONSIDERAR IDEIA MAIS_QUANTIDADE VERDADEIRA APENAS PORQUE TER QUALQUER COISA (+)BELO DIVINO RITMO FORMA MÉTRICA SEU ENUNCIADO [PONTO] NÃO_TER ENGRAÇADO NOTAR FILÓSOFO MAIS_QUANTIDADE SÉRIO MAIS_QUANTIDADE RIGOROSO SUA BUSCA CERTEZA CITAR FREQUENTEMENTE PALAVRA POETA 1S_DAR_2S SUA IDEIA MAIS_QUANTIDADE FORÇA CREDIBILIDADE [INTERROGAÇÃO] MAIS_QUANTIDADE PERIGOSO VERDADE POETA CONCORDAR ELA ELE CONTRADIZER [EXCLAMAÇÃO] IGUAL DIZER HOMERO (+)MENTIRA CONTAR_FALAR POETA 84 [PONTO]
ESTAR MORRER VONTADE XÍCARA CAFÉ [PONTO],(+)VONTADE CAFÉ [PONTO]
ESTAR MORRER VONTADE TOMAR CAFEZINHO [PONTO],(+)VONTADE CAFÉ [PONTO]
EU ESTAR MUITO ZANGAR [PONTO],(+)ZANGADO [PONTO]
ESTAR MUITO ZANGAR [PONTO],(+)ZANGADO [PONTO]
ESTAR DEMASIADO ESCURO [PONTO],(++)ESCURO [PONTO]
SER MUITO MUITO IMPORTANTE [PONTO],(++)IMPORTANTE [PONTO]
0 NOME FREGUESIA NÃO SE ESCREVER SEMPRE MESMO MODO [PONTO],0 NOME FREGUESIA NÃO ESCREVER_PAPEL SEMPRE MESMO MODO [PONTO]
OU SER COM 005 EXISTIR 5 CHANCE SE REJEITAR HIPÓTESE NULO CASO ELE SER VERDADEIRO [PONTO],005 TER 5 PORCENTAGEM CHANCE REJEITAR HIPÓTESE NULA DELA VERDADEIRA [PONTO]
02 MARÇO 1977 LÍBIA PASSAR SE CHAMAR JAMAHIRIYA ÁRABE POPULAR SOCIALISTA JAMAHIRIYA SER NEOLOGISMO QUE SIGNIFICAR ESTADO MASSAS [PONTO],02 MARÇO 1977 LÍBIA_PAÍS COMEÇAR CHAMAR_NOMEAR JAMAHIRIYA ÁRABE POPULAR SOCIALISTA JAMAHIRIYA NEOLOGISMO QUE SIGNIFICAR ESTADO MASSA [PONTO]
03 OUTUBRO 1996 OCORRER PRIMEIRA ELEIÇÃO PARA PODER_EXECUTIVO LEGISLATIVO ONDE MESMO TOMAR POSSE 1º JANEIRO 1997 FICAR ASSIM CONSTITUÍDAPREFEITO NÉVIO ANTONIO MORTARI VICE-PREFEITO ALDAIR ANTONIO RIGO [PONTO],03 OUTUBRO 1996 PRIMEIRA ELEIÇÃO PODER_EXECUTIVO PODER_LEGISLATIVO POSSE 1 JANEIRO 1997 CONSTITUIR PREFEITO NÉVIO ANTONIO MORTARI VICE PREFEITO ALDAIR ANTONIO RIGO [PONTO]
IR SER DESAFIO [PONTO],1  DESAFIO [PONTO]
1 ABRIL 1949 PROVÍNCIA TERRA NOVAENTROU CONFEDERAR COMPLETO COM CANADÁ POLICIAL RANGERS NEWFOUNDLAND RESPONSÁVEL SEGURANÇA PROVÍNCIA IR INCLUIR RCMP [PONTO],1 ABRIL 1949 PROVÍNCIA TERRA NOVA ENTROU CONFEDERAÇÃO COMPLETAR JUNTO CANADÁ_PAÍS POLÍCIA RANGERS NEWFOUNDLAND RESPONSÁVEL SEGURANÇA PROVÍNCIA INCORPORAR RCMP [PONTO]
CERVEJA POR_FAVOR [PONTO],1 CERVEJA_BEBIDA FAVOR [PONTO]
ENGLOBAR PENSADOR OBJETO [PONTO] ATÉ MESMO INTELIGÊNCIA AUTO_CONTEMPLANTE NOESIS NOUS DEVER CONTER DUALIDADE [PONTO] DEPOIS TER CHEGAR BEM NÃO ADICIONAR NENHUM PENSAMENTO MAIS QUALQUER ADIÇÃO PROPORÇÃO AQUELE ADIÇÃO VOCÊ ADICIONAR DEFICIÊNCIA [PONTO] 3º VÍRGULA  VÍRGULA 8 PLOTINO NEGAR SENCIÊNCIA CONSCIÊNCIA SI_OU QUALQUER OUTRO AÇÃO ERGON PARA UM 5º [PONTO]  VÍRGULA 11 [PONTO] VEZ ISSO SE NÓS INSISTIR DESCREVÊ-LO AINDA MAIS NÓS TER QUE CHAMAR PURO POTENCIALIDADE DYNAMIS OU SEM QUAL NADA PODER EXISTIR [PONTO],1 ENGLOBAR PENSADOR OBJETO [PONTO] INTELIGÊNCIA AUTO CONTEMPLAR NOESIS NOUS DEVER_OBRIGAÇÃO CONTER DUALIDADE DEPOIS BEM_BONDADE NÃO_ACRESCENTAR NENHUM PENSAMENTO MAIS_QUANTIDADE QUALQUER ADIÇÃO PROPORÇÃO ADIÇÃO VOCÊ ADICIONAR_ACRESCENTAR DEFICIÊNCIA TERCEIRO_ORSINAL 8.11 [PONTO] PLOTINO NEGAR SENCIÊNCIA CONSCIÊNCIA SE OU QUALQUER OUTRO AÇÃO ERGON 1 QUINTO 6.6 [PONTO] CONTRÁRIO_OPOSTO SE NÓS INSISTIR DESCREVER MAIS_QUANTIDADE NÓS NOME PURA POTENCIALIDADE DYNAMIS NÃO_PODER NADA EXISTIR [PONTO]
SER SÓ GATO [PONTO],1 GATO [PONTO]
SER HORA [PONTO],1 HORA [PONTO]
1º JANEIRO 1936 FUNÇÃO DÖNITZ IR REAVALIAR MUDAR PARA FÜHRER DAR UNTERSEEBOOTE FDU CHEFE SUBMARINOS [PONTO],1 JANEIRO 1936 DÖNITZ AVALIAR DE_NOVO MUDAR FÜHRER DAR UNTERSEEBOOTE FDU CHEFE SUBMARINO [PONTO]
LÍNGUA NUNCA SER BASTANTE [PONTO],1 LÍNGUA_LINGUA NUNCA BASTANTE [PONTO]
01 MARÇO 1963 MUNICÍPIO SER INSTALAR 17 DEZEMBRO 1975 COM ÁREA TERRITORIAL 61 QUILÔMETRO TER SEU DENOMINAR ALTERAR PARA CACHOEIRA PRATA APÓS CONTROVERSO PLEBISCITO NÃO SE SABER CERTO POR QUÊ TROCA QUEM TER IDEALIZAR [PONTO],1 MARÇO 1963 MUNICÍPIO INSTALADO 17 DEZEMBRO 1975 TER ÁREA TERRITORIAL 61 QUILÔMETRO_QUADRADO TER UA DENOMINAÇÃO ALTERADA CACHOEIRA_PRATA_CIDADE APÓS CONTROVERSO PLEBISCITO NÃO_SABER CERTO PORQUE TROCAR QUEM TER IDEALIZAR [PONTO]
1 MARÇO 1821 ALGUM INTELECTUAL OUTRO CONSCIENTE IMPORTÂNCIA ECONÓMICA S [PONTO] MIGUEL MOVER IDEIA SEPARATISTA PARA COM TUTELA NÃO DESEJAR ILHA TERCEIRA CAPITÃO GENERAL FAZER ACONTECER REVOLTA QUAL RESULTAR GOVERNO INTERINO DESIGNAR POR JUNTA GOVERNATIVA LOGO RECONHECER PODER CENTRAL QUE ACATAR RECLAMAÇÃO APRESENTAR QUE MANDAR FAZER 1822 DIVISÃO ARQUIPÉLAGO 3 COMARCA COM GOVERNO INDEPENDENTE GERIR POR CORREGEDOR COM PODER ALARGAR [PONTO],1 MARÇO ANO_DATA 1821 INTELECTUAL OUTRO CONSCIENTE IMPORTÂNCIA ECONÔMICA  [PONTO] MIGUEL MOVER IDEIA SEPARATISTA TUTELA NÃO_DESEJAR ILHA TERCEIRO_ORDINAL CAPITÃO_MILITAR GENERAL FAZER ACONTECER REVOLTA QUAL RESULTAR GOVERNO INTERINO DESIGNAR JUNTA GOVERNO LOGO RECONHECER PODER CENTRAL QUE ACATAR RECLAMAR APRESENTAR_MOSTRAR QUE MANDAR FAZER ANO_DATA 1822 DIVIDIR ARQUIPÉLAGO 3 COMARCA GOVERNO INDEPENDENTE GERIR CORREGEDOR PODER ALARGAR [PONTO]
IR NUM MINUTO [PONTO],1 MINUTO EU IR [PONTO]
MINUTO TER 60 SEGUNDOS [PONTO],1 MINUTO TER 60 SEGUNDO [PONTO]
SER NOVO [PONTO] OUTRO SER VELHO [PONTO],1 NOVO_RECENTE [PONTO] OUTRO VELHO [PONTO]
VEZ LADRÃO SEMPRE LADRÃO [PONTO],1 VEZ LADRÃO SEMPRE LADRÃO [PONTO]
10 ANO DEPOIS FÓRUM MUNDIAL EDUCAÇÃO 2000 REALIZAR DAKAR SENEGAL GOVERNO MEMBRO SE COMPROMETER ALCANÇAR EDUCAR BÁSICO PARA TODO ATÉ 2015 [PONTO],10 ANO_DATA DEPOIS FÓRUM MUNDIAL EDUCAÇÃO_ENSINO 2000 REALIZAR DAKAR SENEGAL GOVERNO MEMBRO COMPROMETER ALCANÇAR EDUCAÇÃO BÁSICA TODO ATÉ 2015 [PONTO]
10 ANO APÓS FUNDAR BELÉM PEDRO TEIXEIRA JUNTO FREI CRISTÓVÃO 26 SOLDADO NUMEROSO ÍNDIO EXPLORAR RIO AMAZONAS QUANDO SE DEPARAR COM ALDEIA TUPULIÇUS FOZ RIO TAPAJÓS ATRACAR ALI [PONTO],10 ANO_DATA DEPOIS FUNDAÇÃO BELÉM_CIDADE PEDRO TEIXEIRA JUNTO FREI CRISTÓVÃO 26 SOLDADO VÁRIOS ÍNDIO EXPLORAR RIO AMAZONAS_ESTADO ENCONTRAR ALDEIA TUPULIÇUS RIO TAPAJÓS ATRACAR ALI [PONTO]
10 ANO MAIS TARDE PORÉM QUANDO IR PUBLICAR 1955 POESIAS COMPLETO QUANDO JÁ HAVER FALECER PRESIDENTE VARGAS COMEÇAR CONSAGRAR ANDRADE COMO PRINCIPAL VALOR CULTURAL BRASIL [PONTO],10 ANO_DATA DEPOIS PUBLICADA ANO_DATA 1955 TER POESIA COMPLETA MORTE PRESIDENTE HOMEM VARGA COMEÇAR CONSAGRAÇÃO ANDRADE IGUAL PRINCIPAL VALOR CULTURAL BRASIL [PONTO]
10 DIVIDIR POR 5 SER IGUAL 2 [PONTO],10 DIVIDIDO 5 IGUAL 2 [PONTO]
10 FEVEREIRO 2013 CURIOSITY OBTER PRIMEIRAS AMOSTRA ROCHA APROFUNDAR JÁ RETIRADAS OUTRO CORPO PLANETÁRIO UTILIZAR SEU BROCA EMBARCAR [PONTO],10 FEVEREIRO 2013 CURIOSITY TER PRIMEIRA AMOSTRA ROCHA PROFUNDA JÁ RETIRAR OUTRO CORPO PLANETA UTILIZAR BROCA EMBARCADA [PONTO]
IR PARA CASA 10 [PONTO],10 HORA IR CASA [PONTO]
10 MEMBRO SER ELEITOS PARA REPRESENTAR CADA PROVÍNCIA CONSELHO NACIONAL PROVÍNCIAS INDEPENDENTEMENTE POPULAÇÃO PROVÍNCIA [PONTO],10 MEMBRO ELEITO REPRESENTAR CADA PROVÍNCIA CONSELHO_GRUPO NACIONAL PROVÍNCIA INDEPENDENTE POPULAÇÃO PROVÍNCIA [PONTO]
10 MENOS 2 SER IGUAL 8 [PONTO],10 MENOS 2 IGUAL 8 [PONTO]
10 OUTUBRO 1985 GOVERNO PRESIDENTE JOSÉ SARNEY ELABORAR PLANO NACIONAL REFORMA AGRÁRIA PNRA PREVER ESTATUTO TERRA [PONTO],10 OUTUBRO ANO_DATA 1985 GOVERNO PRESIDENTE JOSÉ SARNEY ELABORAR PLANO_PROJETO NACIONAL REFORMA AGRÁRIA PNRA PREVISTO ESTATUTO TERRA [PONTO]
10000 IENE SER SUFICIENTE [INTERROGAÇÃO],10000 IENE SUFICIENTE [INTERROGAÇÃO]
11 ANO APÓS CRIAÇÃO POVOADO GOVERNADOR ESTADO JOSÉ MAGALHÃES PINTO EXPEDIR DOCUMENTO DECRETO 0 1 VÍRGULA 058 CRIAR MUNICÍPIO MANTENA [PONTO],11 ANO_DATA DEPOIS CRIAÇÃO POVO GOVERNADOR ESTADO JOSÉ MAGALHÃES PINTO EXPEDIR DOCUMENTO DECRETO NÚMERO 1.058 CRIAR_FUNDAR MUNICÍPIO MANTENA [PONTO]
DÉCIMO PRIMEIRO CONGRESSO IR CONVOCAR COM APENAS 2 SEMANA ANTECEDÊNCIA PARA DECIDIR SE IR OU NÃO_APOIAR MÁRIO SOARES CONTRA FREITAS AMARAL [PONTO] MÁRIO SOARES IR APOIAR GANHAR COM LIGEIRA MARGEM [PONTO],11 CONGRESSO CONVIDAR APENAS 2 SEMANA ANTECEDÊNCIA DECIDIR IR NÃO_APOIAR MÁRIO SOAR CONTRA_CONTRÁRIO FREITA AMARAL [PONTO] MÁRIO SOAR APOIAR_APROVAR GANHAR LIGEIRA MARGEM_LIMITE [PONTO]
11 DEZEMBRO 2008 IR INAUGURAR MONUMENTO SÃO PEDRO CENTRO GERMÂNICO MISSIONEIRO 2 IMPORTANTE ATRAÇÃO PARA DESENVOLVIMENTO TURISMO MUNICÍPIO [PONTO],11 DEZEMBRO 2008 INAUGURAR MONUMENTO SANTO PEDRO CENTRO_LOCAL GERMÂNICO MISSIONEIRO 2 IMPORTANTE ATRAÇÃO_ENTRETENIMENTO DESENVOLVIMENTO TURISMO MUNICÍPIO [PONTO]
JÁ SER 11 HORA [PONTO],11 HORA [PONTO]
11 SETEMBRO 2015 DIREÇÃO NACIONAL MST DIVULGAR SEU RESOLUÇÃO JUNTAR-SE FRENTE BRASIL POPULAR TODO INICIATIVA LUTA CLASSE OPERÁRIO BRASILEIRO DEFESA SEUS DIREITO MOTIVO NACIONAL [PONTO] TEXTO LIDERANÇA MST RECONHECER EXISTÊNCIA CRISE ECONÔMICO MUNDIAL MAS NÃO ADMITIR QUE OPERÁRIO OPERÁRIO PAGAR ESSE CONTA MANIFESTAR SEU DESACORDO RELAÇÃO POLÍTICA ECONÔMICO GOVERNO DILMA ROUSSEFF [PONTO],11 SETEMBRO ANO_DATA 2015 DIREÇÃO NACIONAL MST DIVULGAR RESOLUÇÃO JUNTAR_UNIR FRENTE BRASIL_PAÍS POPULAR TODA INICIAR LUTA CLASSE_GRUPO TRABALHADORA BRASIL_PAÍS DEFESA DIREITO_LEI CAUSA NACIONAL [PONTO] TEXTO LIDERA MST RECONHECER EXISTÊNCIA CRISE_ECONÔMICA MUNDIAL NÃO_ADMITIR TRABALHADOR HOMEM MULHER PAGAR CONTA_PAGAR MANIFESTAR DESACORDO RELAÇÃO_RELATAR POLÍTICA ECONÔMICA GOVERNO DILMA ROUSSEFF [PONTO]
11º VIR VENCER PARTIDA CAMPEONATO SEU TORCIDA COMEMORAR GRITAR ÉGUA VERMELHA NUNCA IR MORRER [PONTO],11 VENCER CAMPEONATO TORCIDA COMEMORAÇÃO GRITAR ÉGUA VERMELHA NUNCA MORRER [PONTO]
1128 500º [PONTO] TERESA MÃE 500º [PONTO] AFONSO HENRIQUES NOMEAR UM CARTA COUTO POVOAÇÃO FRÁGUAS FRÁVEGAS QUE POR MUITO TEMPO FICAR CHAMAR-SE COUTO FRÁVEGAS [PONTO] BARRELAS ATUAL VILA NOVA PAIVA SEDE CONCELHO TAMBÉM FAZER PARTE ESTE ÁREA [PONTO],1128 TERESA MÃE DOM_TÍTULO AFONSO HENRIQUE NOME CARTA COUTO POVOAÇÃO FRÁGUA FRÁVEGA QUE MUITO TEMPO NOME COUTO FRÁVEGAS [PONTO] BARRELAS ATUAL VILA NOVO_RECENTE PAIVA SEDE CONCELHO TAMBÉM FAZER PARTE DESTA ÁREA [PONTO]
12 AGOSTO 1816 500º [PONTO] JOÃO JÁ SOBERANO REINO UNIDO POR DECRETO CRIAR ESCOLA REAL CIÊNCIAS ARTES OFÍCIOS SOB ORIENTAÇÃO LEBRETON MEMBRO MISSÃO ARTÍSTICA FRANCÊS SER IMPLANTAR OFICIALIZADO EDUCAR ARTÍSTICO BRASIL [PONTO],12 AGOSTO 1816 DOM JOÃO JÁ SOBERANO REINO_UNIDO_PAÍS DECRETO CRIAR_FUNDAR ESCOLA REAL CIÊNCIA ARTE OFÍCIO TER ORIENTAR LEBRETON MEMBRO_GRUPO MISSÃO ARTÍSTICA FRANÇA IMPLANTAR OFICIALMENTE EDUCAÇÃO_ENSINO ARTÍSTICA BRASIL_PAÍS [PONTO]
12 JULHO POUCO MÊS ANTES INÍCIO SEGUNDA GUERRA MUNDIAL EUROPA SZILÁRD WIGNER VISITAR EINSTEIN EXPLICAR SOBRE POSSIBILIDADE BOMBA ATÔMICO POR MEIO EXPERIMENTO COM URÂNIO FISSÃO ALÉM CÁLCULO INDICAR REAÇÃO CADEIA [PONTO],12 JULHO POUCO MÊS ANTES_ANTERIOR INICIAR SEGUNDA_GUERRA_MUNDIAL EUROPA SZILÁRD WIGNER VISITAR EINSTEIN EXPLICAR SOBRE_ASSUNTO POSSIBILIDADE BOMBA ATÔMICA MEIO_MÉTODO EXPERIMENTO URÂNIO FISSÃO ALÉM CÁLCULO INDICAR_MOSTAR REAÇÃO CADEIA [PONTO]
12 PERGUNTA FAZER RELATOR SABATINA SENADOR EDUARDO BRAGA 10 IR CIDADÃO QUE ENVIAR POR MEIO PORTAL [PONTO],12 PERGUNTAR RELATOR SABATINA SENADOR EDUARDO BRAGA 10 CIDADÃO ENVIAR MEIO_MÉTODO PORTAL [PONTO]
12 SETEMBRO 1939 14 ANO MÃE STELLA IR INICIAR POR MÃE SENHORA RECEBER ORUKÓ NOME ODÉ KAYODÊ [PONTO] MÃE STELLA CONTA QUE QUANDO IR REALIZAR SEU INICIAR ELA NÃO PENSAR NADA NÃO_TER NOÇÃO QUE ESTAR ACONTECER,12 SETEMBRO ANO_DATA 1939 14 IDADE MÃE STELLA INICIAR MÃE SENHORA RECEBER ORUKÓ NOME ODÉ KAYODÊ [PONTO] MÃE STELLA CONTAR_FALAR QUE QUANDO REALIZAR SUA INICIAR ELA NÃO_PENSAR NADA NÃO_TER  NOÇÃO QUE ACONTECER [PONTO]
12 BADALAR DIA 31 DEZEMBRO FICAR CÉU ILUMINAR COM FOGO COR ESPERANÇA ANO QUE SE ADIVINHA QUE NÃO PODER COMEÇAR MELHOR FORMA FONTE TURISMO MADEIRA [PONTO],12 SINO DIA 31 DEZEMBRO CÉU CLARO_CLAREZA FOGO COR ESPERANÇA ANO_DATA ADIVINHAR NÃO_PODER COMEÇAR MELHOR FONTE_ORIGEM TURISMO MADEIRA [PONTO]
1226 ORDEM TEUTÔNICA CONQUISTAR EVANGELIZAR PARTE PRÚSSIA CUJO POPULAÇÃO IR DIZIMAR POR AQUELES CAVALEIRO QUE HAVER SER CONVIDADOS ENTRAR POLÔNIA POR CONRADO MASÓVIA DUQUE POLONÊS [PONTO],1226 ORDEM TEUTÔNICA CONQUISTAR EVANGELIZAR RÚSSIA_PAÍS POPULAÇÃO DIZIMADA AQUELE CAVALEIRO CONVIDADO ENTRAR_INGRESSAR POLÔNIA_PAÍS CONRADO MASÓVIA DUQUE POLONÊS [PONTO]
13 CASA IR DESTRUIR [PONTO],13 CASA DESTRUIR [PONTO]
13 PESSOA ESTAR FERIR [PONTO],13 PESSOA FERIDA [PONTO]
13 PESSOA FICAR FERIR [PONTO],13 PESSOA FERIDA [PONTO]
13 PESSOA MORRER [PONTO],13 PESSOA MORRER [PONTO]
MAS PARTIR 1300 IMPÉRIO COMEÇAR PERDER TERRITÓRIO TODO SEUS FRONTEIRO [PONTO],1300 IMPÉRIO COMEÇAR PERDER TERRITÓRIO TODA SUA FRONTEIRA [PONTO]
135 ANO MAIS TARDE CAPELA IR TRANSFORMAR IGREJA [PONTO],135 ANO_DATA DEPOIS CAPELA_IGREJA TRANSFORMAR IGREJA [PONTO]
1388 CIDADE NICE SER COLOCAR SOB PROTECÇÃO CONDADO SABOIA PACTO QUE CIDADE NUNCA SER ENTREGAR FRANCÊS [PONTO],1388 CIDADE NICE PROTECÇÃO CONDADO SABOIA PACTO CIDADE NUNCA ENTREGAR FRANCÊS [PONTO]
ENTRETANTO 14 ABRIL PROCURADORIA NOVA YORK INFORMAR QUE APENAS FOTO IR RETIRADAS SITE INTERPOL MAS QUE PEDIR PRISÃO AMBOS NÃO_IR REVOGAR [PONTO],14 ABRIL PROCURADORIA NOVA_YORK_CIDADE INFORMAR APENAS FOTO RETIRAR SITE INTERPOL 1S_PEDIR_2S PRISÃO AMBOS NÃO_REVOGAR [PONTO]
14 ANO DECIDIR IR VIVER COM PAI QUE ENTRETANTO REGRESSAR LISBOA [PONTO] MAS VIDA NÃO SER TÃO BOA COMO CASA AVÓ [PONTO] AMÁLIA TER QUE AJUDAR MÃE AGUENTAR IRMÃO MAIS VELHO AUTORITÁRIO [PONTO],14 IDADE DECIDIR VIVER JUNTO PAI MÃE QUE REGRESSAR LISBOA_CIDADE [PONTO] VIDA NÃO BOA COMO CASA AVÓ [PONTO] AMÁLIA TER QUE 1S_AJUDAR_2S MÃE AGUENTAR IRMÃO MAIS_QUANTIDADE VELHO AUTORITÁRIO [PONTO]